{"RuleTriggered": 0, "Violations": 378, "Details": {"low_gpu_utilization": 901, "bottlenecks": {"1681012442.000312": {"GPUs": 1, "CPUs": 2}, "1681012442.500366": {"GPUs": 1, "CPUs": 4}, "1681012443.000323": {"GPUs": 1, "CPUs": 4}, "1681012443.50034": {"GPUs": 1, "CPUs": 3}, "1681012444.000307": {"GPUs": 1, "CPUs": 4}, "1681012444.500581": {"GPUs": 1, "CPUs": 3}, "1681012445.000304": {"GPUs": 1, "CPUs": 2}, "1681012445.50034": {"GPUs": 1, "CPUs": 1}, "1681012446.000956": {"GPUs": 1, "CPUs": 3}, "1681012446.500295": {"GPUs": 1, "CPUs": 4}, "1681012447.001771": {"GPUs": 1, "CPUs": 4}, "1681012447.502571": {"GPUs": 1, "CPUs": 2}, "1681012448.003749": {"GPUs": 1, "CPUs": 3}, "1681012448.502775": {"GPUs": 1, "CPUs": 4}, "1681012449.001506": {"GPUs": 1, "CPUs": 3}, "1681012449.501251": {"GPUs": 1, "CPUs": 4}, "1681012450.00554": {"GPUs": 1, "CPUs": 4}, "1681012450.500297": {"GPUs": 1, "CPUs": 4}, "1681012451.001537": {"GPUs": 1, "CPUs": 4}, "1681012451.500334": {"GPUs": 1, "CPUs": 4}, "1681012452.004728": {"GPUs": 1, "CPUs": 4}, "1681012454.00033": {"GPUs": 1, "CPUs": 1}, "1681012456.005519": {"GPUs": 1, "CPUs": 1}, "1681012456.500397": {"GPUs": 1, "CPUs": 4}, "1681012457.000754": {"GPUs": 1, "CPUs": 2}, "1681012459.000327": {"GPUs": 1, "CPUs": 1}, "1681012460.000332": {"GPUs": 1, "CPUs": 3}, "1681012461.000307": {"GPUs": 1, "CPUs": 2}, "1681012462.000344": {"GPUs": 1, "CPUs": 1}, "1681012463.501861": {"GPUs": 1, "CPUs": 2}, "1681012464.005999": {"GPUs": 1, "CPUs": 4}, "1681012464.500305": {"GPUs": 1, "CPUs": 4}, "1681012465.000303": {"GPUs": 1, "CPUs": 1}, "1681012466.500302": {"GPUs": 1, "CPUs": 1}, "1681012471.500299": {"GPUs": 1, "CPUs": 1}, "1681012472.500293": {"GPUs": 1, "CPUs": 1}, "1681012473.000288": {"GPUs": 1, "CPUs": 1}, "1681012475.000353": {"GPUs": 1, "CPUs": 1}, "1681012476.000323": {"GPUs": 1, "CPUs": 1}, "1681012502.500271": {"GPUs": 1, "CPUs": 1}, "1681012534.50031": {"GPUs": 1, "CPUs": 1}, "1681012538.000288": {"GPUs": 1, "CPUs": 1}, "1681012539.000292": {"GPUs": 1, "CPUs": 1}, "1681012542.500311": {"GPUs": 1, "CPUs": 1}, "1681012543.500305": {"GPUs": 1, "CPUs": 1}, "1681012544.000269": {"GPUs": 1, "CPUs": 1}, "1681012545.00028": {"GPUs": 1, "CPUs": 1}, "1681012545.500321": {"GPUs": 1, "CPUs": 1}, "1681012546.000299": {"GPUs": 1, "CPUs": 1}, "1681012548.0003": {"GPUs": 1, "CPUs": 1}, "1681012549.000286": {"GPUs": 1, "CPUs": 1}, "1681012556.000302": {"GPUs": 1, "CPUs": 1}, "1681012557.000301": {"GPUs": 1, "CPUs": 1}, "1681012558.000314": {"GPUs": 1, "CPUs": 1}, "1681012561.000296": {"GPUs": 1, "CPUs": 1}, "1681012568.500294": {"GPUs": 1, "CPUs": 1}, "1681012581.500296": {"GPUs": 1, "CPUs": 1}, "1681012660.000299": {"GPUs": 1, "CPUs": 1}, "1681012660.500291": {"GPUs": 1, "CPUs": 1}, "1681012661.000336": {"GPUs": 1, "CPUs": 1}, "1681012664.000303": {"GPUs": 1, "CPUs": 1}, "1681012664.500316": {"GPUs": 1, "CPUs": 1}, "1681012666.533316": {"GPUs": 1, "CPUs": 4}, "1681012667.001633": {"GPUs": 1, "CPUs": 4}, "1681012667.505538": {"GPUs": 1, "CPUs": 4}, "1681012668.015297": {"GPUs": 1, "CPUs": 4}, "1681012668.508679": {"GPUs": 1, "CPUs": 4}, "1681012669.500316": {"GPUs": 1, "CPUs": 4}, "1681012670.000302": {"GPUs": 1, "CPUs": 1}, "1681012675.000317": {"GPUs": 1, "CPUs": 1}, "1681012675.500311": {"GPUs": 1, "CPUs": 1}, "1681012676.000298": {"GPUs": 1, "CPUs": 1}, "1681012676.500303": {"GPUs": 1, "CPUs": 1}, "1681012678.000304": {"GPUs": 1, "CPUs": 1}, "1681012679.500317": {"GPUs": 1, "CPUs": 1}, "1681012685.001549": {"GPUs": 1, "CPUs": 2}, "1681012686.000308": {"GPUs": 1, "CPUs": 1}, "1681012686.500309": {"GPUs": 1, "CPUs": 2}, "1681012687.009527": {"GPUs": 1, "CPUs": 2}, "1681012687.500329": {"GPUs": 1, "CPUs": 3}, "1681012688.005611": {"GPUs": 1, "CPUs": 4}, "1681012688.500309": {"GPUs": 1, "CPUs": 1}, "1681012689.001541": {"GPUs": 1, "CPUs": 4}, "1681012690.505153": {"GPUs": 1, "CPUs": 4}, "1681012691.567022": {"GPUs": 1, "CPUs": 4}, "1681012692.004275": {"GPUs": 1, "CPUs": 4}, "1681012693.001584": {"GPUs": 1, "CPUs": 4}, "1681012693.503552": {"GPUs": 1, "CPUs": 4}, "1681012699.597532": {"GPUs": 1, "CPUs": 4}, "1681012702.044262": {"GPUs": 1, "CPUs": 4}, "1681012702.505494": {"GPUs": 1, "CPUs": 4}, "1681012704.533521": {"GPUs": 1, "CPUs": 4}, "1681012705.002102": {"GPUs": 1, "CPUs": 4}, "1681012705.534556": {"GPUs": 1, "CPUs": 4}, "1681012707.509493": {"GPUs": 1, "CPUs": 4}, "1681012710.501526": {"GPUs": 1, "CPUs": 4}, "1681012713.505525": {"GPUs": 1, "CPUs": 4}, "1681012715.005494": {"GPUs": 1, "CPUs": 4}, "1681012719.53506": {"GPUs": 1, "CPUs": 4}, "1681012721.051414": {"GPUs": 1, "CPUs": 4}, "1681012721.501525": {"GPUs": 1, "CPUs": 4}, "1681012722.022003": {"GPUs": 1, "CPUs": 4}, "1681012724.005528": {"GPUs": 1, "CPUs": 4}, "1681012724.501548": {"GPUs": 1, "CPUs": 4}, "1681012726.51125": {"GPUs": 1, "CPUs": 4}, "1681012728.512905": {"GPUs": 1, "CPUs": 4}, "1681012729.001567": {"GPUs": 1, "CPUs": 4}, "1681012729.509523": {"GPUs": 1, "CPUs": 4}, "1681012730.509505": {"GPUs": 1, "CPUs": 4}, "1681012731.035028": {"GPUs": 1, "CPUs": 4}, "1681012731.505519": {"GPUs": 1, "CPUs": 4}, "1681012732.007588": {"GPUs": 1, "CPUs": 4}, "1681012733.000338": {"GPUs": 1, "CPUs": 2}, "1681012733.500336": {"GPUs": 1, "CPUs": 1}, "1681012737.000323": {"GPUs": 1, "CPUs": 1}, "1681012740.00031": {"GPUs": 1, "CPUs": 1}, "1681012741.502454": {"GPUs": 1, "CPUs": 2}, "1681012744.500409": {"GPUs": 1, "CPUs": 4}, "1681012745.009514": {"GPUs": 1, "CPUs": 4}, "1681012745.504058": {"GPUs": 1, "CPUs": 4}, "1681012746.005512": {"GPUs": 1, "CPUs": 4}, "1681012746.505496": {"GPUs": 1, "CPUs": 4}, "1681012747.009372": {"GPUs": 1, "CPUs": 4}, "1681012754.501145": {"GPUs": 1, "CPUs": 4}, "1681012756.500951": {"GPUs": 1, "CPUs": 4}, "1681012757.09103": {"GPUs": 1, "CPUs": 4}, "1681012757.502583": {"GPUs": 1, "CPUs": 4}, "1681012758.002311": {"GPUs": 1, "CPUs": 4}, "1681012761.533412": {"GPUs": 1, "CPUs": 4}, "1681012762.004181": {"GPUs": 1, "CPUs": 4}, "1681012764.018158": {"GPUs": 1, "CPUs": 4}, "1681012769.503791": {"GPUs": 1, "CPUs": 4}, "1681012771.501537": {"GPUs": 1, "CPUs": 4}, "1681012774.955251": {"GPUs": 1, "CPUs": 4}, "1681012775.134013": {"GPUs": 1, "CPUs": 4}, "1681012777.017522": {"GPUs": 1, "CPUs": 4}, "1681012782.113965": {"GPUs": 1, "CPUs": 2}, "1681012782.697502": {"GPUs": 1, "CPUs": 4}, "1681012783.095469": {"GPUs": 1, "CPUs": 4}, "1681012783.553513": {"GPUs": 1, "CPUs": 4}, "1681012788.023592": {"GPUs": 1, "CPUs": 3}, "1681012789.029547": {"GPUs": 1, "CPUs": 4}, "1681012793.575242": {"GPUs": 1, "CPUs": 4}, "1681012795.711802": {"GPUs": 1, "CPUs": 4}, "1681012798.513497": {"GPUs": 1, "CPUs": 4}, "1681012799.02384": {"GPUs": 1, "CPUs": 4}, "1681012801.00333": {"GPUs": 1, "CPUs": 4}, "1681012802.891767": {"GPUs": 1, "CPUs": 4}, "1681012809.003872": {"GPUs": 1, "CPUs": 4}, "1681012811.008062": {"GPUs": 1, "CPUs": 4}, "1681012815.513997": {"GPUs": 1, "CPUs": 4}, "1681012816.005152": {"GPUs": 1, "CPUs": 4}, "1681012817.671785": {"GPUs": 1, "CPUs": 4}, "1681012819.001226": {"GPUs": 1, "CPUs": 4}, "1681012821.025539": {"GPUs": 1, "CPUs": 4}, "1681012824.513491": {"GPUs": 1, "CPUs": 3}, "1681012825.003783": {"GPUs": 1, "CPUs": 4}, "1681012826.001523": {"GPUs": 1, "CPUs": 4}, "1681012828.001523": {"GPUs": 1, "CPUs": 4}, "1681012830.005513": {"GPUs": 1, "CPUs": 4}, "1681012830.511657": {"GPUs": 1, "CPUs": 4}, "1681012831.019471": {"GPUs": 1, "CPUs": 4}, "1681012838.551493": {"GPUs": 1, "CPUs": 4}, "1681012839.529834": {"GPUs": 1, "CPUs": 4}, "1681012844.557512": {"GPUs": 1, "CPUs": 4}, "1681012848.173492": {"GPUs": 1, "CPUs": 4}, "1681012848.73217": {"GPUs": 1, "CPUs": 4}, "1681012850.517482": {"GPUs": 1, "CPUs": 4}, "1681012853.629497": {"GPUs": 1, "CPUs": 4}, "1681012858.01351": {"GPUs": 1, "CPUs": 4}, "1681012858.513525": {"GPUs": 1, "CPUs": 4}, "1681012860.503636": {"GPUs": 1, "CPUs": 4}, "1681012861.021519": {"GPUs": 1, "CPUs": 4}, "1681012863.501557": {"GPUs": 1, "CPUs": 4}, "1681012867.029834": {"GPUs": 1, "CPUs": 4}, "1681012867.590048": {"GPUs": 1, "CPUs": 4},