{"RuleTriggered": 1, "Violations": 3, "Details": {"pin_memory": false, "num_workers": 6, "cores": 4, "dataloaders": 6, "dataloading_time": {"p25": 5.39763975, "p50": 36.331447, "p95": 46.28011025, "probs": [9, 0, 1, 0, 0, 0, 0, 6, 72, 6, 0, 0, 0, 0, 0, 0, 0, 0, 0, 0, 0, 0, 0, 0, 0, 12, 0, 0, 0, 0, 0, 0, 0, 0, 0, 0, 0, 0, 0, 0, 0, 0, 0, 0, 0, 0, 0, 0, 0, 0, 0, 0, 0, 0, 0, 0, 0, 36, 54, 18, 0, 0, 0, 0, 0, 0, 0, 0, 0, 0, 0, 6, 12, 6, 0, 0, 0, 0, 0, 0, 0, 0, 0, 0, 0, 0, 0, 0, 0, 0, 0, 0, 0, 0, 0, 0, 0, 0, 0, 12], "binedges": [0.000817, 0.63049962, 1.2601822400000002, 1.8898648600000003, 2.5195474800000004, 3.1492301000000005, 3.7789127200000006, 4.40859534, 5.03827796, 5.667960580000001, 6.2976432, 6.92732582, 7.557008440000001, 8.186691060000001, 8.81637368, 9.4460563, 10.075738920000001, 10.705421540000001, 11.335104160000002, 11.96478678, 12.594469400000001, 13.224152020000002, 13.85383464, 14.483517260000001, 15.113199880000002, 15.742882500000002, 16.372565120000004, 17.002247740000005, 17.631930360000002, 18.261612980000002, 18.891295600000003, 19.520978220000003, 20.150660840000004, 20.780343460000005, 21.410026080000005, 22.039708700000006, 22.669391320000006, 23.299073940000003, 23.928756560000004, 24.558439180000004, 25.188121800000005, 25.817804420000005, 26.447487040000006, 27.077169660000006, 27.706852280000003, 28.336534900000004, 28.966217520000004, 29.595900140000005, 30.225582760000005, 30.855265380000006, 31.484948000000006, 32.11463062, 32.744313240000004, 33.37399586, 34.003678480000005, 34.6333611, 35.26304372, 35.89272634, 36.52240896, 37.152091580000004, 37.7817742, 38.411456820000005, 39.04113944, 39.670822060000006, 40.30050468, 40.9301873, 41.559869920000004, 42.18955254, 42.819235160000005, 43.44891778, 44.078600400000006, 44.70828302, 45.33796564000001, 45.967648260000004, 46.59733088, 47.227013500000005, 47.85669612, 48.486378740000006, 49.11606136, 49.74574398000001, 50.375426600000004, 51.00510922, 51.634791840000005, 52.26447446, 52.89415708000001, 53.5238397, 54.15352232000001, 54.783204940000005, 55.41288756, 56.042570180000006, 56.6722528, 57.30193542000001, 57.931618040000004, 58.56130066000001, 59.190983280000005, 59.82066590000001, 60.450348520000006, 61.08003114, 61.70971376000001, 62.339396380000004, 62.969079]}}, "Datapoints": 250, "RuleParameters": "min_threshold:70\nmax_threshold:200"}