{"RuleTriggered": 0, "Violations": 25, "Details": {"low_gpu_utilization": 901, "bottlenecks": {"1681012573.0003": {"GPUs": 1, "CPUs": 1}, "1681012582.500313": {"GPUs": 1, "CPUs": 1}, "1681012651.000312": {"GPUs": 1, "CPUs": 1}, "1681012651.500313": {"GPUs": 1, "CPUs": 1}, "1681012652.500292": {"GPUs": 1, "CPUs": 1}, "1681012653.000285": {"GPUs": 1, "CPUs": 1}, "1681012653.50029": {"GPUs": 1, "CPUs": 1}, "1681012655.500298": {"GPUs": 1, "CPUs": 1}, "1681012656.500316": {"GPUs": 1, "CPUs": 1}, "1681012657.000305": {"GPUs": 1, "CPUs": 1}, "1681012663.500304": {"GPUs": 1, "CPUs": 1}, "1681012672.500326": {"GPUs": 1, "CPUs": 1}, "1681012673.000307": {"GPUs": 1, "CPUs": 1}, "1681012675.000317": {"GPUs": 1, "CPUs": 1}, "1681012684.000329": {"GPUs": 1, "CPUs": 1}, "1681012685.500304": {"GPUs": 1, "CPUs": 1}, "1681012686.000308": {"GPUs": 1, "CPUs": 1}, "1681012686.500309": {"GPUs": 1, "CPUs": 1}, "1681012909.500301": {"GPUs": 1, "CPUs": 1}, "1681012910.000304": {"GPUs": 1, "CPUs": 1}, "1681012911.000299": {"GPUs": 1, "CPUs": 1}, "1681013121.000318": {"GPUs": 1, "CPUs": 1}, "1681013333.500321": {"GPUs": 1, "CPUs": 1}, "1681013334.000312": {"GPUs": 1, "CPUs": 1}, "1681013334.500342": {"GPUs": 1, "CPUs": 1}}}, "Datapoints": 2410, "RuleParameters": "threshold:50\nio_threshold:50\ngpu_threshold:10\npatience:1000"}