{"RuleTriggered": 0, "Violations": 0, "Details": {"step_num": {"first": 1681012666693130, "last": 1681013339891004}, "job_start": 1681012441.500251, "job_end": 1681013339.515921}, "Datapoints": 1723, "RuleParameters": "threshold:20"}