{"RuleTriggered": 0, "Violations": 0, "Details": {"ratio": {"gpu_functions-dev:0": 51.81536399870302, "cpu_functions": 48.18463600129698}, "phase": {"Step:ModeKeys.TRAIN": 40.238925498927514, "others": 52.66017593118276, "Step:ModeKeys.EVAL": 7.1008985698897185}, "phase_time": {}, "CPU": {"aten::conv2d": 20.747694290362237, "aten::convolution": 20.726120480217915, "aten::_convolution": 20.71033933761182, "aten::cudnn_convolution": 20.690473473389677, "aten::to": 5.864933553613613, "aten::copy_": 5.836333559431737, "aten::linear": 2.7176798484991793, "aten::addmm": 2.7064254568737978}, "CPU_total": {"aten::conv2d": 8965037, "aten::convolution": 8955715, "aten::_convolution": 8948896, "aten::cudnn_convolution": 8940312, "aten::to": 2534226, "aten::copy_": 2521868, "aten::linear": 1174304, "aten::addmm": 1169441}, "GPU": {"aten::conv2d": 21.519351330155956, "aten::convolution": 21.51379414819848, "aten::_convolution": 21.509101663753587, "aten::cudnn_convolution": 21.50348224135819, "aten::to": 4.421191713219179, "aten::copy_": 4.396475590745112, "aten::linear": 2.5685939640557023, "aten::addmm": 2.5680093485137756}, "GPU_total": {"aten::conv2d": 9680874, "aten::convolution": 9678374, "aten::_convolution": 9676263, "aten::cudnn_convolution": 9673735, "aten::to": 1988954, "aten::copy_": 1977835, "aten::linear": 1155529, "aten::addmm": 1155266}, "general": {"DataLoaderIterInitialize": 0.11678415832594409, "DataLoaderIter": 0.024570714058761177, "Forward": 3.1064008426225844, "DataLoaderWorker": 96.7522442849927}}, "Datapoints": 0, "RuleParameters": ""}