{"RuleTriggered": 0, "Violations": 0, "Details": {"step_details": {"algo-1-27": {"step_stats": {"mean": 0.15800893401015226, "max": 11.422705, "p99": 0.5531529999999099, "p95": 0.07491779999999999, "p50": 0.034709, "min": 0.017307}, "number_of_outliers": 2, "phase": "Step:ModeKeys.EVAL", "stddev": 1.14, "probs": [2, 0, 2, 0, 8, 4, 4, 4, 4, 8, 3, 6, 5, 3, 9, 7, 12, 7, 4, 5, 2, 4, 1, 2, 2, 1, 2, 3, 0, 1, 0, 2, 1, 0, 0, 0, 0, 0, 3, 1, 2, 2, 5, 3, 3, 2, 2, 1, 3, 4, 9, 0, 1, 4, 4, 2, 0, 5, 1, 1, 1, 3, 2, 2, 1, 0, 1, 0, 0, 2, 0, 0, 0, 0, 0, 0, 0, 0, 0, 0, 0, 1, 0, 1, 0, 1, 0, 1, 0, 0, 0, 0, 0, 0, 0, 1, 0, 1, 0, 1], "binedges": [0.017307, 0.01813648, 0.01896596, 0.019795439999999997, 0.020624919999999998, 0.0214544, 0.02228388, 0.02311336, 0.02394284, 0.02477232, 0.0256018, 0.02643128, 0.02726076, 0.02809024, 0.02891972, 0.029749199999999996, 0.030578679999999997, 0.03140816, 0.03223764, 0.03306712, 0.0338966, 0.03472608, 0.03555556, 0.036385039999999993, 0.03721452, 0.038043999999999994, 0.03887348, 0.039702959999999995, 0.04053244, 0.041361919999999996, 0.0421914, 0.04302088, 0.04385036, 0.04467984, 0.04550932, 0.0463388, 0.04716827999999999, 0.04799776, 0.048827239999999994, 0.04965672, 0.050486199999999995, 0.05131568, 0.052145159999999996, 0.05297464, 0.05380412, 0.05463359999999999, 0.05546308, 0.05629255999999999, 0.05712204, 0.05795151999999999, 0.058781, 0.059610479999999993, 0.06043996, 0.061269439999999994, 0.06209892, 0.0629284, 0.06375788, 0.06458736, 0.06541683999999999, 0.06624632, 0.06707579999999999, 0.06790528, 0.06873475999999999, 0.06956424, 0.07039371999999999, 0.0712232, 0.07205268, 0.07288216, 0.07371164, 0.07454112, 0.0753706, 0.07620007999999999, 0.07702956, 0.07785903999999999, 0.07868852, 0.07951799999999999, 0.08034748, 0.08117695999999999, 0.08200644, 0.08283592, 0.0836654, 0.08449488, 0.08532436, 0.08615384, 0.08698332, 0.0878128, 0.08864228, 0.08947176, 0.09030124, 0.09113072, 0.09196019999999999, 0.09278968, 0.09361915999999999, 0.09444864, 0.09527812, 0.0961076, 0.09693708, 0.09776656, 0.09859604, 0.09942552, 0.100255], "step_numbers": ["0", "0"]}}}, "Datapoints": 1723, "RuleParameters": "threshold:3\nmode:None\nn_outliers:10\nstddev:3"}